Position X,Position Y,Position Z,Orientation Roll,Orientation Pitch,Orientation Yaw,Initial Z,Final Z,Delta Z,Success
0.2599369355027455,-0.00821724460565676,0.6802633612264528,-0.23933137575647773,0.43147482940692095,3.109990723159312,0.41299851250150166,0.6636639469780623,0.25066543447656064,1
-0.11103034196441874,0.1871536210414982,0.781966352620633,-0.28689809618346934,0.08268238687084886,-1.0353490895227038,0.4333137937989525,0.6872393620197387,0.25392556822078616,1
-0.13061557298666504,-0.18571797603375023,0.7582238553461381,0.3915968603056697,0.18196037646259153,0.9578585953228287,0.4369088699193738,0.7277078479535433,0.2907989780341695,1
0.24580753555111484,-0.00026514726726949156,0.6846765071668798,-0.26711581297592646,0.4386738560265676,3.140513975656515,0.3977371763820207,0.6433772492956803,0.24564007291365958,1
-0.13223802363706655,0.1827865012741447,0.7114033268998585,0.4801805684050042,0.3742029659383909,-0.9445008045601113,0.4000473750250632,0.6631216580164463,0.2630742829913831,1
-0.13038701613043469,-0.18661632600567035,0.6635653389936613,0.10357870120813908,0.5399095124433235,0.9609498990583515,0.3985940607005623,0.646796122423646,0.24820206172308373,1
