Position X,Position Y,Position Z,Orientation Roll,Orientation Pitch,Orientation Yaw,Initial Z,Final Z,Delta Z,Success
0.16153973223172519,0.0024687943657760794,0.5784932013384373,0.16416656586245634,0.940635034404721,-3.126310950759576,0.38832018401059665,0.05998796752441549,-0.32833221648618116,0
-0.0845922367193578,0.1684329584099825,0.5815972707087854,-0.3812690084206818,0.8588018697146345,-1.10536558885014,0.40383757297336936,0.4032303670606435,-0.0006072059127258389,0
-0.09645599938281013,-0.14772139786153318,0.6244144682296167,-0.3168127034854418,0.7830166747765762,0.9923438572760462,0.4042499244794486,0.052826701320999016,-0.35142322315844954,0
