Position X,Position Y,Position Z,Orientation Roll,Orientation Pitch,Orientation Yaw,Initial Z,Final Z,Delta Z,Success
0.06102945598593695,-0.023647720760478705,0.5909173741161629,0.16398779764851545,1.2674213632578128,2.771925366987867,0.38010736847251264,0.3150063102247898,-0.06510105824772283,0
-0.022178062145600464,0.06675841167410011,0.6441916839431971,-0.24969085621462778,1.1467037489289045,-1.2500537375047118,0.4405023343283614,0.7595645310783794,0.319062196750018,1
-0.02527927017256549,-0.03403301280468532,0.6667822584094485,0.05234588748286524,1.2626960769208715,0.931927719487654,0.39250019879767983,0.024987507414241397,-0.36751269138343845,0
