Position X,Position Y,Position Z,Orientation Roll,Orientation Pitch,Orientation Yaw,Initial Z,Final Z,Delta Z,Success
0.20691047277467917,-0.003244422968578499,0.6047737495699044,0.12912968057445784,0.7562896311187292,3.125913615890638,0.059470505518405416,0.05946065318654226,-9.852331863152708e-06,0
-0.12168880935553097,0.21636221046020065,0.6070354039381449,0.10966717820696428,0.6607737442862982,-1.0584593011415069,0.05998926924932455,0.059989121752044273,-1.4749728027840803e-07,0
-0.12178452790167248,-0.19704544015787384,0.6488784962637565,0.2795822688568324,0.5780537436327764,1.0172082022533966,0.059986474760457986,0.059986328239760606,-1.4652069738052553e-07,0
0.1988929381588605,-0.015988452329419083,0.6187889861358757,0.014375343552727403,0.7373098885731929,3.0613779124302885,0.05967088893366357,0.05997922040784621,0.00030833147418263956,0
-0.08881166595119781,0.18455077227680777,0.7539479740116386,-0.11421516602209579,0.22117560169811018,-1.12227584626592,0.05953445791063633,0.05998651745608436,0.0004520595454480317,0
-0.1208640045985917,-0.20294610840775143,0.6239502650277833,-0.4345159988721242,0.6404926231541769,1.0336573115516705,0.05997372884566718,0.05998630786943126,1.2579023764079655e-05,0
0.2436421568660153,0.012942561898894228,0.6397614209709208,-0.16773383909632836,0.581108584182277,-3.0885213436056174,0.059857749538708135,0.05998600719374674,0.00012825765503860637,0
0.20066807827715458,0.11088362139345716,0.608326831508713,0.059072088159352845,0.6963276271225398,-2.636776694172578,0.3930786063267983,0.40021317995668343,0.0071345736298851214,0
0.06717472929987815,0.19737670981243993,0.688578892499903,-0.47711836178625455,0.4907932969164112,-1.898837481548213,0.05998679558264964,0.05998542267085988,-1.372911789761233e-06,0
